{"cameraMode":{"drawMode":0,"name":"Shaded","section":"Shading Mode"},"sceneLighting":true,"audioPlay":false,"sceneViewState":{"showFog":true,"showMaterialUpdate":false,"showSkybox":false,"showFlares":true,"showImageEffects":true,"showParticleSystems":true},"in2DMode":false,"pivot":{"x":-2.8128738403320314,"y":1.588068962097168,"z":-5.888363838195801},"rotation":{"x":-0.13922111690044404,"y":0.04365304857492447,"z":-0.006151911802589893,"w":-0.9892991781234741},"size":40.010372161865237,"orthographic":false}